{"cameraMode":{"drawMode":0,"name":"Shaded","section":"Shading Mode"},"sceneLighting":true,"audioPlay":false,"sceneViewState":{"showFog":true,"showMaterialUpdate":false,"showSkybox":true,"showFlares":true,"showImageEffects":true,"showParticleSystems":true},"in2DMode":false,"pivot":{"x":-311.5921630859375,"y":-220.45877075195313,"z":66.6677474975586},"rotation":{"x":-0.251816987991333,"y":0.48691511154174807,"z":-0.14984692633152009,"w":-0.8231443762779236},"size":427.8501892089844,"orthographic":false}