{"cameraMode":{"drawMode":0,"name":"Shaded","section":"Shading Mode"},"sceneLighting":false,"audioPlay":false,"sceneViewState":{"showFog":true,"showMaterialUpdate":false,"showSkybox":true,"showFlares":true,"showImageEffects":true,"showParticleSystems":true},"in2DMode":false,"pivot":{"x":-11.718758583068848,"y":-7.211169719696045,"z":267.017333984375},"rotation":{"x":-0.0004115014453418553,"y":-0.9998418092727661,"z":-0.020690200850367547,"w":0.012852570973336697},"size":9.033461570739746,"orthographic":false}