{"cameraMode":{"drawMode":0,"name":"Shaded","section":"Shading Mode"},"sceneLighting":false,"audioPlay":false,"sceneViewState":{"showFog":true,"showMaterialUpdate":false,"showSkybox":true,"showFlares":true,"showImageEffects":true,"showParticleSystems":true},"in2DMode":false,"pivot":{"x":-2.786916732788086,"y":-10.854352951049805,"z":-13.220130920410157},"rotation":{"x":0.07969016581773758,"y":0.9131174087524414,"z":-0.21651890873908997,"w":0.3362225294113159},"size":14.862236022949219,"orthographic":false}