{"cameraMode":{"drawMode":0,"name":"Shaded","section":"Shading Mode"},"sceneLighting":false,"audioPlay":false,"sceneViewState":{"showFog":true,"showMaterialUpdate":false,"showSkybox":true,"showFlares":true,"showImageEffects":true,"showParticleSystems":true},"in2DMode":false,"pivot":{"x":-10.544479370117188,"y":-10.148987770080567,"z":161.6385955810547},"rotation":{"x":0.14972800016403199,"y":-0.016321152448654176,"z":0.0024473420344293119,"w":0.9886205792427063},"size":16.098867416381837,"orthographic":false}