{"cameraMode":{"drawMode":0,"name":"Shaded","section":"Shading Mode"},"sceneLighting":false,"audioPlay":false,"sceneViewState":{"showFog":true,"showMaterialUpdate":false,"showSkybox":true,"showFlares":true,"showImageEffects":true,"showParticleSystems":true},"in2DMode":false,"pivot":{"x":-13.753478050231934,"y":3.0834810733795168,"z":-9.67310619354248},"rotation":{"x":-0.05425247177481651,"y":0.0335419736802578,"z":-0.0018216923344880343,"w":-0.9979677200317383},"size":13.103167533874512,"orthographic":false}