{"cameraMode":{"drawMode":0,"name":"Shaded","section":"Shading Mode"},"sceneLighting":false,"audioPlay":false,"sceneViewState":{"showFog":true,"showMaterialUpdate":false,"showSkybox":true,"showFlares":true,"showImageEffects":true,"showParticleSystems":true},"in2DMode":false,"pivot":{"x":-16.655223846435548,"y":-8.295580863952637,"z":274.958740234375},"rotation":{"x":-0.08695699274539948,"y":0.7327758073806763,"z":-0.0952378511428833,"w":-0.6683262586593628},"size":8.85265827178955,"orthographic":false}