{"cameraMode":{"drawMode":0,"name":"Shaded","section":"Shading Mode"},"sceneLighting":false,"audioPlay":false,"sceneViewState":{"showFog":true,"showMaterialUpdate":false,"showSkybox":true,"showFlares":true,"showImageEffects":true,"showParticleSystems":true},"in2DMode":false,"pivot":{"x":-6.853593349456787,"y":-4.797332286834717,"z":15.847786903381348},"rotation":{"x":0.03442880138754845,"y":0.9631123542785645,"z":-0.1503046602010727,"w":0.22073891758918763},"size":8.662001609802246,"orthographic":false}