{"cameraMode":{"drawMode":0,"name":"Shaded","section":"Shading Mode"},"sceneLighting":false,"audioPlay":false,"sceneViewState":{"showFog":true,"showMaterialUpdate":false,"showSkybox":true,"showFlares":true,"showImageEffects":true,"showParticleSystems":true},"in2DMode":false,"pivot":{"x":16.428829193115236,"y":-15.524951934814454,"z":57.50727844238281},"rotation":{"x":-0.00666885357350111,"y":-0.8618786334991455,"z":-0.011384034529328347,"w":0.5071408748626709},"size":9.033461570739746,"orthographic":false}