{"cameraMode":{"drawMode":0,"name":"Shaded","section":"Shading Mode"},"sceneLighting":false,"audioPlay":false,"sceneViewState":{"showFog":true,"showMaterialUpdate":false,"showSkybox":true,"showFlares":true,"showImageEffects":true,"showParticleSystems":true},"in2DMode":false,"pivot":{"x":-2.7338075637817385,"y":-10.845973014831543,"z":-40.71100997924805},"rotation":{"x":0.022738739848136903,"y":0.9568502306938171,"z":-0.07797367125749588,"w":0.2790899872779846},"size":16.29586410522461,"orthographic":false}