{"cameraMode":{"drawMode":0,"name":"Shaded","section":"Shading Mode"},"sceneLighting":true,"audioPlay":false,"sceneViewState":{"showFog":true,"showMaterialUpdate":false,"showSkybox":true,"showFlares":true,"showImageEffects":true,"showParticleSystems":true},"in2DMode":false,"pivot":{"x":-12.778888702392579,"y":-8.121745109558106,"z":152.5744171142578},"rotation":{"x":0.05795348808169365,"y":0.09184622019529343,"z":0.004944284912198782,"w":-0.9941974878311157},"size":7.000357151031494,"orthographic":false}