{"cameraMode":{"drawMode":0,"name":"Shaded","section":"Shading Mode"},"sceneLighting":false,"audioPlay":false,"sceneViewState":{"showFog":true,"showMaterialUpdate":false,"showSkybox":true,"showFlares":true,"showImageEffects":true,"showParticleSystems":true},"in2DMode":false,"pivot":{"x":-9.271686553955079,"y":-7.172142028808594,"z":1.7954678535461426},"rotation":{"x":0.16630175709724427,"y":0.21665352582931519,"z":-0.03756307438015938,"w":0.9613507390022278},"size":6.697982311248779,"orthographic":false}