{"cameraMode":{"drawMode":0,"name":"Shaded","section":"Shading Mode"},"sceneLighting":true,"audioPlay":false,"sceneViewState":{"showFog":true,"showMaterialUpdate":false,"showSkybox":true,"showFlares":true,"showImageEffects":true,"showParticleSystems":true},"in2DMode":false,"pivot":{"x":-14.25049877166748,"y":-7.853440761566162,"z":41.050254821777347},"rotation":{"x":-0.007159551605582237,"y":-0.125685915350914,"z":-0.0006883953465148807,"w":0.9921712279319763},"size":1.5832905769348145,"orthographic":false}