{"cameraMode":{"drawMode":0,"name":"Shaded","section":"Shading Mode"},"sceneLighting":false,"audioPlay":false,"sceneViewState":{"showFog":true,"showMaterialUpdate":false,"showSkybox":true,"showFlares":true,"showImageEffects":true,"showParticleSystems":true},"in2DMode":false,"pivot":{"x":-8.59568977355957,"y":-11.131735801696778,"z":132.15484619140626},"rotation":{"x":-0.08125024288892746,"y":-0.00535660982131958,"z":-0.0009368837927468121,"w":-0.9969630241394043},"size":42.6224365234375,"orthographic":false}